{"cameraMode":{"drawMode":0,"name":"Shaded","section":"Shading Mode"},"sceneLighting":true,"audioPlay":false,"sceneViewState":{"m_AlwaysRefresh":false,"showFog":true,"showSkybox":true,"showFlares":true,"showImageEffects":true,"showParticleSystems":true,"showVisualEffectGraphs":true,"m_FxEnabled":true},"in2DMode":false,"pivot":{"x":-11.246068000793457,"y":9.343978881835938,"z":6.611898422241211},"rotation":{"x":0.048997338861227038,"y":0.1692705899477005,"z":-0.008449953980743885,"w":0.9843306541442871},"size":17.112070083618165,"orthographic":false}