{"cameraMode":{"drawMode":0,"name":"Shaded","section":"Shading Mode"},"sceneLighting":false,"audioPlay":false,"sceneViewState":{"m_AlwaysRefresh":false,"showFog":true,"showSkybox":false,"showFlares":true,"showImageEffects":true,"showParticleSystems":true,"showVisualEffectGraphs":true,"m_FxEnabled":true},"in2DMode":false,"pivot":{"x":0.8163083791732788,"y":1.2521889209747315,"z":-0.5003841519355774},"rotation":{"x":0.1643037497997284,"y":-0.5728838443756104,"z":0.11851707845926285,"w":0.7942060828208923},"size":2.0260884761810304,"orthographic":true}