{"cameraMode":{"drawMode":0,"name":"Shaded","section":"Shading Mode"},"sceneLighting":false,"audioPlay":false,"sceneViewState":{"m_AlwaysRefresh":false,"showFog":true,"showSkybox":false,"showFlares":true,"showImageEffects":true,"showParticleSystems":true,"showVisualEffectGraphs":true,"m_FxEnabled":true},"in2DMode":false,"pivot":{"x":-0.048744916915893558,"y":6.463274002075195,"z":-1.8585014343261719},"rotation":{"x":-0.36210837960243227,"y":0.03549874946475029,"z":-0.013801840133965016,"w":-0.9313612580299377},"size":7.629993438720703,"orthographic":false}